{"cameraMode":{"drawMode":0,"name":"Shaded","section":"Shading Mode"},"sceneLighting":false,"audioPlay":false,"sceneViewState":{"showFog":true,"showMaterialUpdate":false,"showSkybox":true,"showFlares":true,"showImageEffects":true,"showParticleSystems":true},"in2DMode":false,"pivot":{"x":1.0247361660003663,"y":0.4868062138557434,"z":0.015157610177993775},"rotation":{"x":-0.25129222869873049,"y":0.1736580729484558,"z":-0.045882564038038257,"w":-0.9510993361473084},"size":3.1109745502471926,"orthographic":false}