{"cameraMode":{"drawMode":0,"name":"Shaded","section":"Shading Mode"},"sceneLighting":true,"audioPlay":false,"sceneViewState":{"showFog":true,"showMaterialUpdate":false,"showSkybox":true,"showFlares":true,"showImageEffects":true,"showParticleSystems":true},"in2DMode":false,"pivot":{"x":-0.03170674294233322,"y":0.5382149815559387,"z":0.7934679985046387},"rotation":{"x":0.6833914518356323,"y":-1.096170487713266e-9,"z":1.0430543234685175e-10,"w":0.7300522327423096},"size":7.940434455871582,"orthographic":false}